,City,Cloudiness,Country,Date,Humidity,Lat,Lng,Max Temp,Wind Speed
0,chern,100,RU,1573431114,94,53.45,36.91,43.34,13.67
1,nova esperanca,100,BR,1573431114,73,4.44,-61.12,75.04,2.59
2,lata,100,IN,1573431114,20,30.78,78.62,25.3,2.93
3,shimoda,40,JP,1573431114,77,34.7,138.93,63,3.36
4,rikitea,99,PF,1573430645,81,-23.12,-134.97,74.41,11.34
5,sao joao dos patos,94,BR,1573431115,53,-6.5,-43.7,80.55,0.81
6,rio gallegos,40,AR,1573431115,58,-51.62,-69.22,55.4,6.93
7,pemberton,26,AU,1573431115,64,-34.44,116.03,61,5.99
8,mahebourg,40,MU,1573431050,94,-20.41,57.7,71.01,8.05
9,bonavista,17,CA,1573431115,80,48.65,-53.11,34,5.99
10,hithadhoo,90,MV,1573430758,71,-0.6,73.08,82.67,7.85
11,oussouye,94,SN,1573431115,88,12.49,-16.54,77,4.7
12,cidreira,98,BR,1573431116,85,-30.17,-50.22,69.67,16.64
13,rikitea,99,PF,1573430645,81,-23.12,-134.97,74.41,11.34
14,saldanha,95,PT,1573431055,91,41.42,-6.55,43.14,3.22
15,georgetown,20,GY,1573431116,100,6.8,-58.16,82.4,2.24
16,sangar,100,RU,1573431116,96,63.92,127.47,-4.46,11.25
17,mar del plata,27,AR,1573430746,78,-46.43,-67.52,51.67,10.92
18,ushuaia,6,AR,1573430741,38,-54.81,-68.31,60.8,11.41
19,upernavik,95,GL,1573430746,63,72.79,-56.15,26.37,10.58
20,tuktoyaktuk,5,CA,1573430748,66,69.44,-133.03,14,16.11
21,punta arenas,75,CL,1573431118,66,-53.16,-70.91,53.6,16.11
22,dudinka,75,RU,1573431118,76,69.41,86.18,-11.21,6.71
23,trujillo,81,VE,1573431118,92,9.37,-70.44,71.65,3.4
24,port alfred,100,ZA,1573431118,96,-33.59,26.89,63,4
25,kaitangata,100,NZ,1573431118,55,-46.28,169.85,51.01,15.99
26,rikitea,99,PF,1573430645,81,-23.12,-134.97,74.41,11.34
27,awbari,100,LY,1573431119,36,26.59,12.77,72.81,6.62
28,canyon,1,US,1573431119,29,34.98,-101.92,66.2,6.93
29,rocha,0,UY,1573431119,95,-34.48,-54.34,53.82,6.78
30,praia da vitoria,20,PT,1573431119,93,38.73,-27.07,62.6,2.62
31,majene,33,ID,1573431119,72,-3.54,118.97,82.49,2.93
32,ketchikan,90,US,1573431047,87,55.34,-131.65,46.4,6.93
33,changtu,17,CN,1573431120,65,42.78,124.11,39.63,8.34
34,dingzhou,0,CN,1573431090,40,38.51,115,41,4.47
35,yellowknife,40,CA,1573431120,72,62.45,-114.38,10.4,4.7
36,ambilobe,61,MG,1573431120,84,-13.19,49.05,71.94,6.51
37,hambantota,90,LK,1573431120,77,6.12,81.12,79.41,6.51
38,chuy,3,UY,1573431120,83,-33.69,-53.46,60.85,11.27
39,rikitea,99,PF,1573430645,81,-23.12,-134.97,74.41,11.34
40,tadine,25,NC,1573431121,47,-21.55,167.88,77.63,11.9
41,fraijanes,75,GT,1573431121,60,14.47,-90.43,69.8,20.8
42,vangaindrano,100,MG,1573431121,96,-23.35,47.6,70.36,2.15
43,moerai,70,PF,1573431121,82,-22.43,-151.33,72.63,18.7
44,otane,63,NZ,1573431122,67,-39.89,176.62,62.01,8.99
45,kabo,70,CF,1573431122,48,7.69,18.62,73.02,0.38
46,punta arenas,75,CL,1573431118,66,-53.16,-70.91,53.6,16.11
47,inhambane,61,MZ,1573431122,77,-23.87,35.38,75.36,12.46
48,joshimath,67,IN,1573431122,19,30.57,79.57,41.2,7.11
49,barabai,0,ID,1573431122,69,-2.59,115.38,82.27,0.85
50,rikitea,99,PF,1573430645,81,-23.12,-134.97,74.41,11.34
51,fort nelson,5,CA,1573431123,71,58.81,-122.69,6.8,3.36
52,ponta do sol,94,BR,1573430754,83,-20.63,-46,70.9,4.76
53,virginia beach,1,US,1573431123,54,36.85,-75.98,57,5.82
54,bluff,48,AU,1573430754,14,-23.58,149.07,84.58,9.82
55,mizdah,12,LY,1573431124,50,31.45,12.98,56.48,14.27
56,emerald,45,AU,1573431078,17,-23.53,148.16,84.99,5.82
57,hervey bay,0,AU,1573431124,28,-25.3,152.85,88,10.29
58,port alfred,100,ZA,1573431118,96,-33.59,26.89,63,4
59,hamilton,90,CA,1573431068,91,43.26,-79.87,42.01,4.7
60,camacha,40,PT,1573431075,68,33.08,-16.33,66.2,10.29
61,redlands,1,US,1573431109,22,34.06,-117.19,87.8,8.05
62,lebu,37,ET,1573430744,75,8.96,38.73,50.61,1.61
63,kahului,40,US,1573430833,62,20.89,-156.47,86,19.46
64,port alfred,100,ZA,1573431118,96,-33.59,26.89,63,4
65,butaritari,98,KI,1573430756,71,3.07,172.79,83.91,6.6
66,butaritari,98,KI,1573430756,71,3.07,172.79,83.91,6.6
67,hermanus,63,ZA,1573431123,87,-34.42,19.24,66,13
68,carnarvon,28,ZA,1573431027,55,-30.97,22.13,61.45,9.78
69,rikitea,99,PF,1573430645,81,-23.12,-134.97,74.41,11.34
70,poplar bluff,1,US,1573431126,71,36.76,-90.39,59,5.82
71,esperance,75,AU,1573431122,62,-33.86,121.89,57.2,13.87
72,bredasdorp,100,ZA,1573430745,82,-34.53,20.04,66,18.34
73,hobart,100,AU,1573430745,48,-42.88,147.33,68,10.29
74,tiksi,95,RU,1573431053,96,71.64,128.87,-10.74,0.89
75,jamestown,0,AU,1573430644,13,-33.21,138.6,78.49,18.3
76,bilibino,84,RU,1573431127,54,68.06,166.44,17.74,4.83
77,yatou,75,CM,1573431127,88,3.63,9.81,78.8,1.12
78,pitimbu,20,BR,1573431127,83,-7.47,-34.81,77,8.05
79,ushuaia,6,AR,1573430741,38,-54.81,-68.31,60.8,11.41
80,yucca valley,1,US,1573431128,10,34.12,-116.41,87.8,8.05
81,hilo,40,US,1573430749,55,19.71,-155.08,87.8,8.05
82,busselton,0,AU,1573430747,45,-33.64,115.35,64,11.34
83,gwadar,77,PK,1573431128,41,25.12,62.33,77.52,20.33
84,saint-georges,100,CA,1573431128,62,46.12,-70.67,36,5.99
85,vaini,0,IN,1573430687,80,15.34,74.49,66.13,5.03
86,sioux lookout,75,CA,1573431068,65,50.1,-91.92,6.8,11.41
87,cervo,81,BR,1573431129,94,-22.19,-46.24,63.66,1.9
88,hobyo,15,SO,1573431129,82,5.35,48.53,76.96,10.45
89,vila velha,66,BR,1573431129,74,-3.71,-38.6,86,10.29
90,hualmay,0,PE,1573431129,83,-11.1,-77.61,62.82,3.29
91,kapaa,90,US,1573431021,94,22.08,-159.32,80.6,10.29
92,miri,100,NG,1573431130,29,10.31,9.75,77.45,3.65
93,llangefni,100,GB,1573431130,87,53.26,-4.31,48.99,23.04
94,airai,10,TL,1573430752,22,-8.93,125.41,84.38,5.95
95,batemans bay,36,AU,1573431130,70,-35.71,150.18,72,10
96,chokurdakh,94,RU,1573430750,96,70.62,147.9,2.52,8.66
97,caravelas,79,BR,1573430751,92,-17.73,-39.27,72.59,8.01
98,illapel,18,CL,1573431131,66,-31.63,-71.17,57.11,1.68
99,busselton,0,AU,1573430747,45,-33.64,115.35,64,11.34
100,souillac,30,FR,1573431131,93,45.6,-0.6,41,5.82
101,te anau,86,NZ,1573431131,84,-45.41,167.72,42.75,3.4
102,hobart,100,AU,1573430745,48,-42.88,147.33,68,10.29
103,vaini,0,IN,1573430687,80,15.34,74.49,66.13,5.03
104,granja,93,BR,1573431132,71,-3.12,-40.83,78.19,7.7
105,villa carlos paz,30,AR,1573431132,60,-31.42,-64.5,77,6.93
106,punta arenas,75,CL,1573431118,66,-53.16,-70.91,53.6,16.11
107,culebra,43,PA,1573431132,72,9.3,-82.53,75.99,11.01
108,hilo,40,US,1573430749,55,19.71,-155.08,87.8,8.05
109,mataura,100,NZ,1573430746,58,-46.19,168.86,54,10
110,tasiilaq,100,GL,1573430755,95,65.61,-37.64,37.4,55.25
111,airai,10,TL,1573430752,22,-8.93,125.41,84.38,5.95
112,paka,68,CF,1573431133,86,4.15,15.03,69.15,0.87
113,rikitea,99,PF,1573430645,81,-23.12,-134.97,74.41,11.34
114,namibe,53,AO,1573431133,83,-15.19,12.15,77.59,4.34
115,obo,54,CF,1573431133,93,5.39,26.49,71.28,4
116,tabou,3,CI,1573431134,94,4.42,-7.36,76.23,2.35
117,the valley,20,AI,1573431134,78,18.22,-63.06,82.4,11.41
118,punta arenas,75,CL,1573431118,66,-53.16,-70.91,53.6,16.11
119,rikitea,99,PF,1573430645,81,-23.12,-134.97,74.41,11.34
120,inowroclaw,90,PL,1573431134,86,52.8,18.26,41,8.05
121,yellowknife,40,CA,1573431120,72,62.45,-114.38,10.4,4.7
122,chacabuco,35,AR,1573431135,81,-34.64,-60.47,64,1.99
123,kathmandu,20,NP,1573430908,93,27.71,85.32,55.4,2.24
124,muhos,90,FI,1573431135,85,64.81,26,21.2,8.05
125,san patricio,23,PY,1573431135,73,-26.98,-56.83,74.05,9.6
126,kodiak,1,US,1573430748,57,39.95,-94.76,51.8,12.75
127,hobart,100,AU,1573430745,48,-42.88,147.33,68,10.29
128,esperance,75,AU,1573431122,62,-33.86,121.89,57.2,13.87
129,general roca,75,AR,1573431136,76,-39.03,-67.58,57.2,5.82
130,babstovo,100,RU,1573431136,99,48.12,132.48,33.31,3.18
131,albany,90,US,1573430672,52,42.65,-73.75,44.6,5.82
132,mataura,100,NZ,1573430746,58,-46.19,168.86,54,10
133,rikitea,99,PF,1573430645,81,-23.12,-134.97,74.41,11.34
134,east london,100,ZA,1573431136,81,-33.02,27.91,68.2,21.41
135,itoman,40,JP,1573431137,57,26.12,127.67,75.2,14.99
136,havre-saint-pierre,90,CA,1573431137,82,50.23,-63.6,32,17.22
137,sunbury,67,AU,1573430995,28,-37.58,144.73,77,21.92
138,bethel,1,US,1573431137,86,60.79,-161.76,44.6,6.93
139,rikitea,99,PF,1573430645,81,-23.12,-134.97,74.41,11.34
140,portland,90,US,1573430735,45,43.66,-70.25,45,25.57
141,mar del plata,27,AR,1573430746,78,-46.43,-67.52,51.67,10.92
142,methoni,0,GR,1573431138,87,36.82,21.7,59,4.7
143,bereda,90,ES,1573431138,93,43.27,-7.54,51.01,4.7
144,punta arenas,75,CL,1573431118,66,-53.16,-70.91,53.6,16.11
145,hithadhoo,90,MV,1573430758,71,-0.6,73.08,82.67,7.85
146,upernavik,95,GL,1573430746,63,72.79,-56.15,26.37,10.58
147,kualakapuas,26,ID,1573431140,71,-3.01,114.39,83.01,3.44
148,tekari,44,IN,1573431140,72,24.94,84.84,70.03,4.45
149,bredasdorp,100,ZA,1573430745,82,-34.53,20.04,66,18.34
150,utevka,19,RU,1573431140,83,52.9,50.95,31.55,4.23
151,airai,10,TL,1573430752,22,-8.93,125.41,84.38,5.95
152,hermanus,63,ZA,1573431123,87,-34.42,19.24,66,13
153,worpswede,20,DE,1573431141,89,53.22,8.93,39.99,3.36
154,ayan,0,IR,1573431141,26,38.23,44.7,30.07,1.57
155,hithadhoo,90,MV,1573430758,71,-0.6,73.08,82.67,7.85
156,ushuaia,6,AR,1573430741,38,-54.81,-68.31,60.8,11.41
157,rikitea,99,PF,1573430645,81,-23.12,-134.97,74.41,11.34
158,mar del plata,27,AR,1573430746,78,-46.43,-67.52,51.67,10.92
159,ushuaia,6,AR,1573430741,38,-54.81,-68.31,60.8,11.41
160,avarua,0,CK,1573430750,78,-21.21,-159.78,75.2,10.29
161,najran,0,SA,1573431142,36,17.54,44.22,64.4,3.71
162,sitka,100,US,1573431142,44,37.17,-99.65,57,9.37
163,atuona,4,PF,1573430747,68,-9.8,-139.03,79.99,9.98
164,miles city,90,US,1573431143,72,46.41,-105.84,12.99,6.93
165,mataura,100,NZ,1573430746,58,-46.19,168.86,54,10
166,laguna,75,BZ,1573431143,70,16.17,-88.94,84.2,4.7
167,mataura,100,NZ,1573430746,58,-46.19,168.86,54,10
168,aitape,100,PG,1573431143,76,-3.15,142.36,80.56,5.88
169,nikolskoye,75,RU,1573431131,87,59.7,30.79,44.6,2.24
170,grand gaube,40,MU,1573431143,94,-20.01,57.66,71.01,8.05
171,cabo san lucas,75,MX,1573431083,51,22.89,-109.91,82.99,3.36
172,majalgaon,0,IN,1573431144,76,19.16,76.21,67.95,3.65
173,bubaque,20,GW,1573431144,71,11.28,-15.83,83.43,11.36
174,bilibino,84,RU,1573431127,54,68.06,166.44,17.74,4.83
175,noumea,75,NC,1573431144,45,-22.28,166.46,82.4,10.29
176,sola,89,TZ,1573431144,71,-3.17,33.8,70.5,3.98
177,okhotsk,96,RU,1573431144,82,59.36,143.24,11.62,7.9
178,hobart,100,AU,1573430745,48,-42.88,147.33,68,10.29
179,atuona,4,PF,1573430747,68,-9.8,-139.03,79.99,9.98
180,saryagash,75,KZ,1573431145,55,41.45,69.17,33.8,2.24
181,barrow,69,AR,1573430646,83,-38.31,-60.23,54.5,14.34
182,vaini,0,IN,1573430687,80,15.34,74.49,66.13,5.03
183,rikitea,99,PF,1573430645,81,-23.12,-134.97,74.41,11.34
184,parvatipuram,7,IN,1573431146,90,18.78,83.43,67.64,4.52
185,bethel,1,US,1573431137,86,60.79,-161.76,44.6,6.93
186,reading,1,US,1573431146,65,40.34,-75.93,46.99,2.84
187,port shepstone,100,ZA,1573431146,96,-30.74,30.45,63.97,13.67
188,palembang,36,ID,1573431146,74,-2.99,104.76,78.89,4.99
189,marsh harbour,11,BS,1573431146,65,26.54,-77.06,75.7,16.42
190,sulangan,100,PH,1573431146,76,11.14,123.72,82.22,11.1
191,talnakh,75,RU,1573430755,76,69.49,88.39,-11.21,6.71
192,bluff,48,AU,1573430754,14,-23.58,149.07,84.58,9.82
193,sur,0,OM,1573431148,59,22.57,59.53,74.28,6.17
194,saint-philippe,90,CA,1573431133,80,45.36,-73.48,43,12.75
195,nikolskoye,75,RU,1573431131,87,59.7,30.79,44.6,2.24
196,butaritari,98,KI,1573430756,71,3.07,172.79,83.91,6.6
197,saint george,0,GR,1573431121,87,39.45,22.34,48.2,4.29
198,esperance,75,AU,1573431122,62,-33.86,121.89,57.2,13.87
199,ushuaia,6,AR,1573430741,38,-54.81,-68.31,60.8,11.41
200,new norfolk,100,AU,1573430757,48,-42.78,147.06,68,10.29
201,sao filipe,82,CV,1573430751,81,14.9,-24.5,74.62,17.65
202,atuona,4,PF,1573430747,68,-9.8,-139.03,79.99,9.98
203,jamestown,0,AU,1573430644,13,-33.21,138.6,78.49,18.3
204,ushuaia,6,AR,1573430741,38,-54.81,-68.31,60.8,11.41
205,barrow,69,AR,1573430646,83,-38.31,-60.23,54.5,14.34
206,tari,100,NG,1573431150,26,12.41,4.49,80.89,4.27
207,lebu,37,ET,1573430744,75,8.96,38.73,50.61,1.61
208,anton lizardo,75,MX,1573431150,83,19.05,-95.98,77,4.7
209,ushuaia,6,AR,1573430741,38,-54.81,-68.31,60.8,11.41
210,inhambane,61,MZ,1573431122,77,-23.87,35.38,75.36,12.46
211,lompoc,90,US,1573431151,87,34.64,-120.46,73,11.74
212,hope,1,US,1573431151,49,33.67,-93.59,68,8.05
213,linares,83,CL,1573431070,56,-35.85,-71.6,69.15,2.84
214,bluff,48,AU,1573430754,14,-23.58,149.07,84.58,9.82
215,penzance,100,GB,1573431151,70,50.12,-5.53,50,20.8
216,punta arenas,75,CL,1573431118,66,-53.16,-70.91,53.6,16.11
217,sao filipe,82,CV,1573430751,81,14.9,-24.5,74.62,17.65
218,bethel,1,US,1573431137,86,60.79,-161.76,44.6,6.93
219,albany,90,US,1573430672,52,42.65,-73.75,44.6,5.82
220,ushuaia,6,AR,1573430741,38,-54.81,-68.31,60.8,11.41
221,alice springs,56,AU,1573431152,7,-23.7,133.88,82.4,5.82
222,busselton,0,AU,1573430747,45,-33.64,115.35,64,11.34
223,yerbogachen,95,RU,1573431130,96,61.28,108.01,-17.67,6.51
224,luderitz,0,NA,1573430752,87,-26.65,15.16,60.8,3.36
225,pevek,95,RU,1573430726,75,69.7,170.27,11.52,1.52
226,berlevag,69,NO,1573431153,71,70.86,29.09,32.65,16.49
227,port-gentil,75,GA,1573431153,88,-0.72,8.78,80.6,5.82
228,georgetown,20,GY,1573431116,100,6.8,-58.16,82.4,2.24
229,oktyabrskoye,40,RU,1573431150,84,56.73,85.44,7,2.24
230,baie-comeau,90,CA,1573431153,93,49.22,-68.15,35.6,11.41
231,praia,40,BR,1573431153,51,-20.25,-43.81,82.4,5.82
232,bereda,90,ES,1573431138,93,43.27,-7.54,51.01,4.7
233,albany,90,US,1573430672,52,42.65,-73.75,44.6,5.82
234,albany,90,US,1573430672,52,42.65,-73.75,44.6,5.82
235,norman wells,5,CA,1573431154,77,65.28,-126.83,6.8,3.62
236,hithadhoo,90,MV,1573430758,71,-0.6,73.08,82.67,7.85
237,busselton,0,AU,1573430747,45,-33.64,115.35,64,11.34
238,agirish,100,RU,1573431107,93,61.92,63.02,15.85,10.6
239,mozarlandia,100,BR,1573431155,82,-14.74,-50.57,73.8,5.44
240,hermanus,63,ZA,1573431123,87,-34.42,19.24,66,13
241,quesnel,40,CA,1573431155,62,52.98,-122.49,23,5.82
242,khatanga,100,RU,1573430747,97,71.98,102.47,-2.3,8.99
243,palmer,3,AU,1573431155,13,-34.85,139.16,84,24.16
244,yar-sale,0,RU,1573431155,98,66.83,70.83,-7.86,8.28
245,miri,100,NG,1573431130,29,10.31,9.75,77.45,3.65
246,wexford,90,US,1573431156,61,40.63,-80.06,51.8,4.7
247,tyrma,100,RU,1573431156,93,50.04,132.17,23.86,2.73
248,acari,69,BR,1573431059,79,-6.44,-36.64,71.98,28.34
249,constitucion,75,MX,1573431156,23,23.99,-104.67,77,8.05
250,kruisfontein,92,ZA,1573431156,85,-34,24.73,63.07,17.36
251,hithadhoo,90,MV,1573430758,71,-0.6,73.08,82.67,7.85
252,ushuaia,6,AR,1573430741,38,-54.81,-68.31,60.8,11.41
253,forestville,90,CA,1573431157,80,48.74,-69.09,35.6,21.92
254,karratha,0,AU,1573431157,53,-20.74,116.85,80.87,9.57
255,rikitea,99,PF,1573430645,81,-23.12,-134.97,74.41,11.34
256,tiarei,75,PF,1573431157,74,-17.53,-149.33,80.6,8.05
257,tanabe,75,JP,1573431158,87,33.73,135.39,66,8.05
258,tuktoyaktuk,5,CA,1573430748,66,69.44,-133.03,14,16.11
259,port hedland,48,AU,1573431158,45,-20.31,118.58,84.2,8.05
260,punta arenas,75,CL,1573431118,66,-53.16,-70.91,53.6,16.11
261,barrow,69,AR,1573430646,83,-38.31,-60.23,54.5,14.34
262,airai,10,TL,1573430752,22,-8.93,125.41,84.38,5.95
263,campina verde,93,BR,1573431158,80,-19.54,-49.49,75.27,4.81
264,tessalit,100,ML,1573431159,14,20.2,1.01,72.41,13.2
265,yellowknife,40,CA,1573431120,72,62.45,-114.38,10.4,4.7
266,richmond hill,90,CA,1573430983,75,43.88,-79.44,41,9.17
267,butaritari,98,KI,1573430756,71,3.07,172.79,83.91,6.6
268,new norfolk,100,AU,1573430757,48,-42.78,147.06,68,10.29
269,saint-augustin,90,CA,1573431159,80,45.63,-73.98,39.99,12.75
270,mar del plata,27,AR,1573430746,78,-46.43,-67.52,51.67,10.92
271,jamestown,0,AU,1573430644,13,-33.21,138.6,78.49,18.3
272,vaini,0,IN,1573430687,80,15.34,74.49,66.13,5.03
273,godfrey,40,US,1573430947,71,38.96,-90.19,59,8.05
274,buraydah,20,SA,1573430862,72,26.33,43.97,68,10.29
275,cape town,21,ZA,1573430500,77,-33.93,18.42,66,8.05
276,punta arenas,75,CL,1573431118,66,-53.16,-70.91,53.6,16.11
277,rikitea,99,PF,1573430645,81,-23.12,-134.97,74.41,11.34
278,hilo,40,US,1573430749,55,19.71,-155.08,87.8,8.05
279,punta arenas,75,CL,1573431118,66,-53.16,-70.91,53.6,16.11
280,fare,100,PF,1573431101,79,-16.7,-151.02,80.02,11.65
281,carnarvon,28,ZA,1573431027,55,-30.97,22.13,61.45,9.78
282,busselton,0,AU,1573430747,45,-33.64,115.35,64,11.34
283,debre tabor,0,ET,1573431162,76,11.86,38.01,56.46,2.57
284,si sa ket,100,TH,1573431162,68,15.12,104.33,75,4.7
285,provideniya,90,RU,1573431162,98,64.42,-173.23,37.4,20.13
286,new norfolk,100,AU,1573430757,48,-42.78,147.06,68,10.29
287,qaanaaq,0,GL,1573431019,37,77.48,-69.36,-0.73,5.32
288,port alfred,100,ZA,1573431118,96,-33.59,26.89,63,4
289,talnakh,75,RU,1573430755,76,69.49,88.39,-11.21,6.71
290,atuona,4,PF,1573430747,68,-9.8,-139.03,79.99,9.98
291,iberia,95,PE,1573431163,95,-11.41,-69.49,73.56,1.43
292,busselton,0,AU,1573430747,45,-33.64,115.35,64,11.34
293,araouane,100,ML,1573431163,13,18.9,-3.53,76.3,11.99
294,kedrovyy,40,RU,1573431163,84,56.17,91.82,-0.41,6.71
295,portland,90,US,1573430735,45,43.66,-70.25,45,25.57
296,san quintin,39,PH,1573431088,82,17.54,120.52,76.32,3.51
297,rikitea,99,PF,1573430645,81,-23.12,-134.97,74.41,11.34
298,barrow,69,AR,1573430646,83,-38.31,-60.23,54.5,14.34
299,ribeira grande,39,PT,1573430757,85,38.52,-28.7,61.92,3.06
300,geraldton,20,CA,1573431164,71,49.72,-86.95,3.2,4.7
301,jalu,100,LY,1573431164,71,29.03,21.55,67.78,5.84
302,oistins,20,BB,1573431164,78,13.07,-59.53,82.4,17.22
303,qaanaaq,0,GL,1573431019,37,77.48,-69.36,-0.73,5.32
304,bredasdorp,100,ZA,1573430745,82,-34.53,20.04,66,18.34
305,punta arenas,75,CL,1573431118,66,-53.16,-70.91,53.6,16.11
306,nikolskoye,75,RU,1573431131,87,59.7,30.79,44.6,2.24
307,avarua,0,CK,1573430750,78,-21.21,-159.78,75.2,10.29
308,klaksvik,100,FO,1573431142,74,62.23,-6.59,37.4,26.4
309,storsteinnes,0,NO,1573431166,82,69.24,19.23,19.4,5.82
310,esperance,75,AU,1573431122,62,-33.86,121.89,57.2,13.87
311,ribeira grande,39,PT,1573430757,85,38.52,-28.7,61.92,3.06
312,sabang,99,PH,1573431167,88,13.8,121.11,79,1.99
313,butaritari,98,KI,1573430756,71,3.07,172.79,83.91,6.6
314,kapaa,90,US,1573431021,94,22.08,-159.32,80.6,10.29
315,hermanus,63,ZA,1573431123,87,-34.42,19.24,66,13
316,asyut,0,EG,1573430946,72,27.18,31.19,62.6,10.29
317,butwal,0,NP,1573431168,79,27.7,83.45,66.51,1.48
318,victoria,75,BN,1573430640,88,5.28,115.24,80.6,6.04
319,mount gambier,99,AU,1573431046,55,-37.83,140.78,64.4,17.22
320,mataura,100,NZ,1573430746,58,-46.19,168.86,54,10
321,puerto ayora,40,EC,1573431019,69,-0.74,-90.35,75.2,4.7
322,kaitangata,100,NZ,1573431118,55,-46.28,169.85,51.01,15.99
323,mataura,100,NZ,1573430746,58,-46.19,168.86,54,10
324,busselton,0,AU,1573430747,45,-33.64,115.35,64,11.34
325,yamada,75,JP,1573431169,45,36.58,137.08,64.4,12.75
326,padang,100,ID,1573431169,91,-0.92,100.36,68.59,0.81
327,port lincoln,0,AU,1573431130,16,-34.72,135.86,83.12,23
328,bredasdorp,100,ZA,1573430745,82,-34.53,20.04,66,18.34
329,cabo san lucas,75,MX,1573431083,51,22.89,-109.91,82.99,3.36
330,albany,90,US,1573430672,52,42.65,-73.75,44.6,5.82
331,gayny,100,RU,1573431170,94,60.3,54.33,28.33,7.67
332,pitimbu,20,BR,1573431127,83,-7.47,-34.81,77,8.05
333,ushuaia,6,AR,1573430741,38,-54.81,-68.31,60.8,11.41
334,ushuaia,6,AR,1573430741,38,-54.81,-68.31,60.8,11.41
335,bredasdorp,100,ZA,1573430745,82,-34.53,20.04,66,18.34
336,tsabong,55,BW,1573431171,51,-26.02,22.4,72.55,8.99
337,vaini,0,IN,1573430687,80,15.34,74.49,66.13,5.03
338,comodoro rivadavia,40,AR,1573431171,82,-45.87,-67.48,55.4,9.17
339,hobart,100,AU,1573430745,48,-42.88,147.33,68,10.29
340,kainan,75,JP,1573431171,72,34.15,135.21,66.2,11.41
341,pevek,95,RU,1573430726,75,69.7,170.27,11.52,1.52
342,vaini,0,IN,1573430687,80,15.34,74.49,66.13,5.03
343,miranda,100,BR,1573431172,93,-20.24,-56.38,74.1,1.25
344,conceicao do araguaia,100,BR,1573431172,83,-8.26,-49.26,77.05,2.66
345,hermanus,63,ZA,1573431123,87,-34.42,19.24,66,13
346,rikitea,99,PF,1573430645,81,-23.12,-134.97,74.41,11.34
347,clyde river,100,CA,1573431151,92,70.47,-68.59,14,33.33
348,codrington,90,AU,1573431156,53,-28.95,153.24,78.01,5.06
349,tasiilaq,100,GL,1573430755,95,65.61,-37.64,37.4,55.25
350,iqaluit,40,CA,1573431173,77,63.75,-68.52,3.2,5.82
351,ushuaia,6,AR,1573430741,38,-54.81,-68.31,60.8,11.41
352,busselton,0,AU,1573430747,45,-33.64,115.35,64,11.34
353,pocerski pricinovic,75,RS,1573431173,93,44.72,19.71,50,8.05
354,ribeira grande,39,PT,1573430757,85,38.52,-28.7,61.92,3.06
355,bredasdorp,100,ZA,1573430745,82,-34.53,20.04,66,18.34
356,tuktoyaktuk,5,CA,1573430748,66,69.44,-133.03,14,16.11
357,barrow,69,AR,1573430646,83,-38.31,-60.23,54.5,14.34
358,namibe,53,AO,1573431133,83,-15.19,12.15,77.59,4.34
359,padang,100,ID,1573431169,91,-0.92,100.36,68.59,0.81
360,longyearbyen,40,NO,1573431174,72,78.22,15.63,14,11.41
361,ampanihy,18,MG,1573431174,92,-24.69,44.75,62.38,6.49
362,arraial do cabo,75,BR,1573431024,88,-22.97,-42.02,77,5.82
363,atuona,4,PF,1573430747,68,-9.8,-139.03,79.99,9.98
364,shirokiy,98,RU,1573431175,87,53.87,39.17,45,4
365,rikitea,99,PF,1573430645,81,-23.12,-134.97,74.41,11.34
366,kagoro,100,NG,1573431046,68,9.6,8.38,71.87,1.83
367,cabedelo,20,BR,1573431175,83,-6.97,-34.84,77,8.05
368,berlevag,69,NO,1573431153,71,70.86,29.09,32.65,16.49
369,manado,20,ID,1573431175,78,1.49,124.85,80.6,2.37
370,cherskiy,75,RU,1573431176,54,68.75,161.3,12.04,0.49
371,tadine,25,NC,1573431121,47,-21.55,167.88,77.63,11.9
372,east london,100,ZA,1573431136,81,-33.02,27.91,68.2,21.41
373,comodoro rivadavia,40,AR,1573431171,82,-45.87,-67.48,55.4,9.17
374,cape town,21,ZA,1573430500,77,-33.93,18.42,66,8.05
375,avarua,0,CK,1573430750,78,-21.21,-159.78,75.2,10.29
376,cherdyn,100,RU,1573431177,94,60.4,56.48,24.39,8.84
377,castro,99,CL,1573430756,72,-42.48,-73.76,59,6.93
378,touros,20,BR,1573431040,78,-5.2,-35.46,78.8,6.93
379,ruidoso,1,US,1573431178,41,33.33,-105.67,72,10.29
380,torbay,20,CA,1573431154,69,47.66,-52.73,35.01,8.05
381,misratah,6,LY,1573431178,65,32.38,15.09,69.71,17.87
382,alofi,22,NU,1573430864,61,-19.06,-169.92,82.4,16.11
383,rikitea,99,PF,1573430645,81,-23.12,-134.97,74.41,11.34
384,juneau,90,US,1573431157,86,58.3,-134.42,32,3.42
385,airai,10,TL,1573430752,22,-8.93,125.41,84.38,5.95
386,busselton,0,AU,1573430747,45,-33.64,115.35,64,11.34
387,punta arenas,75,CL,1573431118,66,-53.16,-70.91,53.6,16.11
388,lajoskomarom,64,HU,1573431179,83,46.84,18.34,41.63,8.12
389,tasiilaq,100,GL,1573430755,95,65.61,-37.64,37.4,55.25
390,kapaa,90,US,1573431021,94,22.08,-159.32,80.6,10.29
391,faanui,92,PF,1573431092,77,-16.48,-151.75,80.06,11.14
392,buchanan,75,LR,1573431179,94,5.88,-10.05,78.8,2.48
393,areosa,90,PT,1573431179,100,41.72,-8.86,57,4.7
394,monrovia,75,LR,1573431180,94,6.33,-10.8,78.8,5.26
395,namibe,53,AO,1573431133,83,-15.19,12.15,77.59,4.34
396,mataura,100,NZ,1573430746,58,-46.19,168.86,54,10
397,albany,90,US,1573430672,52,42.65,-73.75,44.6,5.82
398,hermanus,63,ZA,1573431123,87,-34.42,19.24,66,13
399,rikitea,99,PF,1573430645,81,-23.12,-134.97,74.41,11.34
400,port alfred,100,ZA,1573431118,96,-33.59,26.89,63,4
401,porto walter,82,BR,1573431181,84,-8.27,-72.74,74.21,3.38
402,tuktoyaktuk,5,CA,1573430748,66,69.44,-133.03,14,16.11
403,nyurba,0,RU,1573431148,90,63.29,118.35,-14.14,4.88
404,tromso,40,NO,1573431074,79,69.65,18.96,19.4,5.82
405,busselton,0,AU,1573430747,45,-33.64,115.35,64,11.34
406,champerico,40,MX,1573431182,69,16.38,-93.6,77,13.87
407,sassandra,1,CI,1573431182,88,4.95,-6.09,78.44,5.06
408,ushuaia,6,AR,1573430741,38,-54.81,-68.31,60.8,11.41
409,rikitea,99,PF,1573430645,81,-23.12,-134.97,74.41,11.34
410,airai,10,TL,1573430752,22,-8.93,125.41,84.38,5.95
411,carnarvon,28,ZA,1573431027,55,-30.97,22.13,61.45,9.78
412,kapaa,90,US,1573431021,94,22.08,-159.32,80.6,10.29
413,hobart,100,AU,1573430745,48,-42.88,147.33,68,10.29
414,platanos,75,GR,1573431183,100,35.47,23.6,62.6,6.58
415,punta arenas,75,CL,1573431118,66,-53.16,-70.91,53.6,16.11
416,bani,0,YE,1573431183,65,16.02,42.93,81.21,9.22
417,bafoulabe,75,ML,1573431184,17,13.81,-10.83,89.56,9.42
418,nguru,59,NG,1573431184,17,12.88,10.45,80.94,6.35
419,albany,90,US,1573430672,52,42.65,-73.75,44.6,5.82
420,dikson,41,RU,1573430745,95,73.51,80.55,10.13,8.41
421,contai,0,IN,1573431184,93,21.78,87.75,70.47,9.42
422,husavik,17,CA,1573430758,73,50.56,-96.99,7,7
423,chuy,3,UY,1573431120,83,-33.69,-53.46,60.85,11.27
424,anadyr,40,RU,1573431049,93,64.73,177.51,37.4,24.61
425,nenjiang,34,CN,1573431185,82,49.17,125.23,26.55,8.34
426,butaritari,98,KI,1573430756,71,3.07,172.79,83.91,6.6
427,ekhabi,3,RU,1573431034,63,53.51,142.97,23.14,6.26
428,saskylakh,100,RU,1573430746,95,71.97,114.09,-9.12,1.99
429,belmonte,100,PT,1573431174,99,40.36,-7.35,50,18.01
430,busselton,0,AU,1573430747,45,-33.64,115.35,64,11.34
431,ambilobe,61,MG,1573431120,84,-13.19,49.05,71.94,6.51
432,provideniya,90,RU,1573431162,98,64.42,-173.23,37.4,20.13
433,faya,0,SA,1573431152,50,18.39,42.45,59,3.06
434,nemuro,75,JP,1573430747,69,43.32,145.57,39.2,5.82
435,avarua,0,CK,1573430750,78,-21.21,-159.78,75.2,10.29
436,mataura,100,NZ,1573430746,58,-46.19,168.86,54,10
437,airai,10,TL,1573430752,22,-8.93,125.41,84.38,5.95
438,dikson,41,RU,1573430745,95,73.51,80.55,10.13,8.41
439,carnarvon,28,ZA,1573431027,55,-30.97,22.13,61.45,9.78
440,mariental,90,BR,1573431187,93,-25.72,-49.65,66.2,6.93
441,ushuaia,6,AR,1573430741,38,-54.81,-68.31,60.8,11.41
442,kaitangata,100,NZ,1573431118,55,-46.28,169.85,51.01,15.99
443,vila franca do campo,20,PT,1573431188,82,37.72,-25.43,62.6,6.93
444,butaritari,98,KI,1573430756,71,3.07,172.79,83.91,6.6
445,villaviciosa,75,ES,1573431188,81,43.48,-5.43,52,9.17
446,bani walid,14,LY,1573431188,70,31.76,14,58.96,11.7
447,arraial do cabo,75,BR,1573431024,88,-22.97,-42.02,77,5.82
448,new norfolk,100,AU,1573430757,48,-42.78,147.06,68,10.29
449,kichera,0,RU,1573431189,72,55.93,110.1,-12.32,6.31
450,upernavik,95,GL,1573430746,63,72.79,-56.15,26.37,10.58
451,atuona,4,PF,1573430747,68,-9.8,-139.03,79.99,9.98
452,payo,51,ID,1573431189,79,-3.75,103.64,72.32,1.77
453,bela,99,PK,1573431189,38,26.23,66.31,71.51,2.66
454,kamen-na-obi,47,RU,1573431190,64,53.79,81.35,13.82,5.41
455,punta arenas,75,CL,1573431118,66,-53.16,-70.91,53.6,16.11
456,tuatapere,100,NZ,1573430746,58,-46.13,167.69,54,10
457,dikson,41,RU,1573430745,95,73.51,80.55,10.13,8.41
458,puerto ayora,40,EC,1573431019,69,-0.74,-90.35,75.2,4.7
459,ceres,68,BR,1573431190,79,-15.31,-49.6,72.7,4.38
460,new norfolk,100,AU,1573430757,48,-42.78,147.06,68,10.29
461,port-gentil,75,GA,1573431153,88,-0.72,8.78,80.6,5.82
462,suksun,100,RU,1573431191,85,57.15,57.4,27.61,9.78
463,santa maria,40,BR,1573431191,51,-16.02,-48.01,80.6,4.7
464,san carlos,4,NI,1573430930,23,11.12,-84.78,71.01,17
465,hilo,40,US,1573430749,55,19.71,-155.08,87.8,8.05
466,provideniya,90,RU,1573431162,98,64.42,-173.23,37.4,20.13
467,bahia blanca,79,AR,1573431191,67,-38.72,-62.27,62.17,19.64
468,lodja,100,CD,1573431192,98,-3.52,23.6,70.77,1.3
469,bowen,0,AU,1573431192,51,-20.01,148.25,86,3.36
470,tolaga bay,17,NZ,1573431192,64,-38.37,178.3,64.13,14.36
471,khatanga,100,RU,1573430747,97,71.98,102.47,-2.3,8.99
472,hobart,100,AU,1573430745,48,-42.88,147.33,68,10.29
473,kloulklubed,75,PW,1573431131,79,7.04,134.26,84.2,9.17
474,ust-barguzin,100,RU,1573431192,67,53.41,109.03,15.58,5.73
475,hithadhoo,90,MV,1573430758,71,-0.6,73.08,82.67,7.85
476,mount vernon,75,US,1573431193,75,38.73,-77.1,50,4.43
477,hobart,100,AU,1573430745,48,-42.88,147.33,68,10.29
478,alofi,22,NU,1573430864,61,-19.06,-169.92,82.4,16.11
479,bambous virieux,40,MU,1573431124,94,-20.34,57.76,71.01,8.05
480,riberalta,90,BO,1573431194,78,-11,-66.08,82.4,1.36
481,norman wells,5,CA,1573431154,77,65.28,-126.83,6.8,3.62
482,mataura,100,NZ,1573430746,58,-46.19,168.86,54,10
483,hobart,100,AU,1573430745,48,-42.88,147.33,68,10.29
484,geraldton,20,CA,1573431164,71,49.72,-86.95,3.2,4.7
485,rikitea,99,PF,1573430645,81,-23.12,-134.97,74.41,11.34
486,sao filipe,82,CV,1573430751,81,14.9,-24.5,74.62,17.65
487,te anau,86,NZ,1573431131,84,-45.41,167.72,42.75,3.4
488,padang,100,ID,1573431169,91,-0.92,100.36,68.59,0.81
489,bredasdorp,100,ZA,1573430745,82,-34.53,20.04,66,18.34
490,tasiilaq,100,GL,1573430755,95,65.61,-37.64,37.4,55.25
491,bluff,48,AU,1573430754,14,-23.58,149.07,84.58,9.82
492,upernavik,95,GL,1573430746,63,72.79,-56.15,26.37,10.58
493,zabolotiv,81,UA,1573431196,73,48.47,25.28,52.77,4.16
494,tasiilaq,100,GL,1573430755,95,65.61,-37.64,37.4,55.25
495,atuona,4,PF,1573430747,68,-9.8,-139.03,79.99,9.98
496,port elizabeth,1,US,1573430759,61,39.31,-74.98,52,6.93
497,coihaique,20,CL,1573431196,67,-45.58,-72.07,59,3.36
498,kaitangata,100,NZ,1573431118,55,-46.28,169.85,51.01,15.99
499,saint george,0,GR,1573431121,87,39.45,22.34,48.2,4.29
500,mahebourg,40,MU,1573431050,94,-20.41,57.7,71.01,8.05
501,beloha,9,MG,1573431122,86,-25.17,45.06,64.74,10.78
502,tucson,40,US,1573431065,29,32.22,-110.93,82.99,8.34
503,dikson,41,RU,1573430745,95,73.51,80.55,10.13,8.41
504,eyl,0,SO,1573431197,77,7.98,49.82,78.87,18.52
505,tuktoyaktuk,5,CA,1573430748,66,69.44,-133.03,14,16.11
506,sitka,100,US,1573431142,44,37.17,-99.65,57,9.37
507,manokwari,100,ID,1573431198,67,-0.87,134.08,80.13,4.38
508,ushuaia,6,AR,1573430741,38,-54.81,-68.31,60.8,11.41
509,carnarvon,28,ZA,1573431027,55,-30.97,22.13,61.45,9.78
510,barrow,69,AR,1573430646,83,-38.31,-60.23,54.5,14.34
511,victor harbor,8,AU,1573431198,13,-35.55,138.62,82,24.16
512,tuktoyaktuk,5,CA,1573430748,66,69.44,-133.03,14,16.11
513,kodiak,1,US,1573430748,57,39.95,-94.76,51.8,12.75
514,calama,52,CL,1573431171,13,-22.46,-68.93,64.4,17.22
515,vila franca do campo,20,PT,1573431188,82,37.72,-25.43,62.6,6.93
516,thompson,75,CA,1573431042,70,55.74,-97.86,-5.81,3.58
517,rikitea,99,PF,1573430645,81,-23.12,-134.97,74.41,11.34
518,nazas,81,MX,1573431200,50,25.22,-104.11,72.12,9.55
519,gorontalo,44,ID,1573431185,65,0.54,123.06,83.26,1.39
520,iqaluit,40,CA,1573431173,77,63.75,-68.52,3.2,5.82
521,bluff,48,AU,1573430754,14,-23.58,149.07,84.58,9.82
522,plettenberg bay,70,ZA,1573431200,87,-34.05,23.37,63.93,12.21
523,dunshaughlin,20,IE,1573431200,87,53.51,-6.54,44.01,11.41
524,altamira,65,BR,1573431200,65,-3.2,-52.21,81.48,2.13
525,nishihara,75,JP,1573431156,93,35.74,139.53,57.99,5.82
526,port elizabeth,1,US,1573430759,61,39.31,-74.98,52,6.93
527,beyneu,0,KZ,1573431201,81,45.32,55.19,40.69,13.69
528,albany,90,US,1573430672,52,42.65,-73.75,44.6,5.82
529,nueva gerona,22,CU,1573431201,80,21.88,-82.8,78.91,20.94
530,poronaysk,63,RU,1573431201,62,49.22,143.1,33.93,2.21
531,vaini,0,IN,1573430687,80,15.34,74.49,66.13,5.03
532,hermanus,63,ZA,1573431123,87,-34.42,19.24,66,13
533,danshui,33,CN,1573431202,77,22.81,114.46,73,4.47
534,coruche,40,PT,1573431202,87,38.96,-8.53,60.8,12.75
535,norman wells,5,CA,1573431154,77,65.28,-126.83,6.8,3.62
536,aklavik,5,CA,1573430845,43,68.22,-135.01,15.8,3.36
537,tshikapa,100,CD,1573431202,98,-6.42,20.79,69.6,2.82
538,carnarvon,28,ZA,1573431027,55,-30.97,22.13,61.45,9.78
539,chaumont,0,FR,1573431202,100,48.11,5.14,39.2,2.35
540,mogadishu,100,SO,1573431203,76,2.04,45.34,81.7,13.85
541,nikolskoye,75,RU,1573431131,87,59.7,30.79,44.6,2.24
542,upernavik,95,GL,1573430746,63,72.79,-56.15,26.37,10.58
543,puerto ayora,40,EC,1573431019,69,-0.74,-90.35,75.2,4.7
544,ostrovnoy,100,RU,1573431203,89,68.05,39.51,23.79,11.97
545,ocampo,86,MX,1573431204,59,27.32,-102.4,69.13,2.48
546,huarmey,0,PE,1573431204,77,-10.07,-78.15,64.78,2.86
547,esperance,75,AU,1573431122,62,-33.86,121.89,57.2,13.87
548,sitka,100,US,1573431142,44,37.17,-99.65,57,9.37
549,oyama,75,JP,1573431007,93,36.31,139.8,59,8.05
550,fortuna,1,US,1573431146,82,40.6,-124.16,63,10.29
551,tasiilaq,100,GL,1573430755,95,65.61,-37.64,37.4,55.25
552,labelle,75,US,1573431204,64,26.76,-81.44,75.99,9.17
553,ushuaia,6,AR,1573430741,38,-54.81,-68.31,60.8,11.41
554,rikitea,99,PF,1573430645,81,-23.12,-134.97,74.41,11.34
555,katherine,43,AU,1573431205,46,-14.47,132.26,89.6,8.05
556,gairatganj,0,IN,1573431205,56,23.42,78.24,65.26,3.13
557,new norfolk,100,AU,1573430757,48,-42.78,147.06,68,10.29
558,khatanga,100,RU,1573430747,97,71.98,102.47,-2.3,8.99
559,bambous virieux,40,MU,1573431124,94,-20.34,57.76,71.01,8.05
560,kapaa,90,US,1573431021,94,22.08,-159.32,80.6,10.29
561,mehamn,61,NO,1573431165,81,71.03,27.85,23.31,13.13
562,east london,100,ZA,1573431136,81,-33.02,27.91,68.2,21.41
563,kapaa,90,US,1573431021,94,22.08,-159.32,80.6,10.29
564,east london,100,ZA,1573431136,81,-33.02,27.91,68.2,21.41
565,bluff,48,AU,1573430754,14,-23.58,149.07,84.58,9.82
566,doka,0,SD,1573431207,30,13.52,35.76,76.69,6.11
567,rabaul,65,PG,1573431207,71,-4.2,152.17,82.2,7.65
568,rikitea,99,PF,1573430645,81,-23.12,-134.97,74.41,11.34
569,pelym,100,RU,1573431207,93,61.01,62,17.46,10.4
570,vostok,100,RU,1573431175,97,46.45,135.83,35.55,3.91
571,souillac,30,FR,1573431131,93,45.6,-0.6,41,5.82
572,yanam,5,IN,1573431208,90,16.73,82.22,72.88,1.95
573,saint anthony,90,US,1573431208,42,43.97,-111.68,51.8,2.73
574,torbay,20,CA,1573431154,69,47.66,-52.73,35.01,8.05
575,carnarvon,28,ZA,1573431027,55,-30.97,22.13,61.45,9.78
576,thompson,75,CA,1573431042,70,55.74,-97.86,-5.81,3.58
577,sao joao da barra,100,BR,1573431179,90,-21.64,-41.05,75.42,4.36
578,west bay,75,CA,1573431208,87,49.34,-123.21,53.01,3.36
579,faanui,92,PF,1573431092,77,-16.48,-151.75,80.06,11.14
580,la rioja,33,AR,1573431126,56,-29.41,-66.86,72.01,10.96
581,daru,100,PG,1573431163,90,-9.07,143.21,79.57,7.87
582,sokolovyy,73,RU,1573431209,84,51.57,45.83,37,1.99
583,lata,100,IN,1573431114,20,30.78,78.62,25.3,2.93
584,chokurdakh,94,RU,1573430750,96,70.62,147.9,2.52,8.66
585,punta arenas,75,CL,1573431118,66,-53.16,-70.91,53.6,16.11
586,yellowknife,40,CA,1573431120,72,62.45,-114.38,10.4,4.7
587,rikitea,99,PF,1573430645,81,-23.12,-134.97,74.41,11.34
588,sistranda,40,NO,1573431210,68,63.73,8.83,26.6,11.41
589,punta arenas,75,CL,1573431118,66,-53.16,-70.91,53.6,16.11
590,ushuaia,6,AR,1573430741,38,-54.81,-68.31,60.8,11.41
591,puerto ayora,40,EC,1573431019,69,-0.74,-90.35,75.2,4.7
592,jablanica,75,BA,1573431210,100,43.66,17.76,50,1.12
593,mataura,100,NZ,1573430746,58,-46.19,168.86,54,10
594,camacha,40,PT,1573431075,68,33.08,-16.33,66.2,10.29
595,saint-augustin,90,CA,1573431159,80,45.63,-73.98,39.99,12.75
596,lebu,37,ET,1573430744,75,8.96,38.73,50.61,1.61
597,totness,1,US,1573431211,81,33.74,-80.8,54,3.91
598,cherskiy,75,RU,1573431176,54,68.75,161.3,12.04,0.49
599,nanortalik,100,GL,1573431124,89,60.14,-45.24,30.79,52.68
600,hermanus,63,ZA,1573431123,87,-34.42,19.24,66,13
601,khatanga,100,RU,1573430747,97,71.98,102.47,-2.3,8.99
602,umarkot,94,PK,1573431212,24,25.37,69.74,70.88,4.56
603,hamilton,90,CA,1573431068,91,43.26,-79.87,42.01,4.7
604,ushuaia,6,AR,1573430741,38,-54.81,-68.31,60.8,11.41
605,hithadhoo,90,MV,1573430758,71,-0.6,73.08,82.67,7.85
606,punta arenas,75,CL,1573431118,66,-53.16,-70.91,53.6,16.11
607,hof,90,DE,1573431212,100,50.32,11.92,37,4.99
608,hofn,100,IS,1573430748,80,64.25,-15.21,43.02,42.68
609,yatou,75,CM,1573431127,88,3.63,9.81,78.8,1.12
610,rikitea,99,PF,1573430645,81,-23.12,-134.97,74.41,11.34
611,aleksandrovskoye,20,RU,1573431213,84,56.74,85.39,7,4.47
612,barrow,69,AR,1573430646,83,-38.31,-60.23,54.5,14.34
613,kapaa,90,US,1573431021,94,22.08,-159.32,80.6,10.29
614,albany,90,US,1573430672,52,42.65,-73.75,44.6,5.82
615,busselton,0,AU,1573430747,45,-33.64,115.35,64,11.34
616,duldurga,11,RU,1573431214,51,50.67,113.59,13.14,9.95
617,brokopondo,20,SR,1573431214,83,5.06,-54.98,82,5.82
618,pevek,95,RU,1573430726,75,69.7,170.27,11.52,1.52
619,ushuaia,6,AR,1573430741,38,-54.81,-68.31,60.8,11.41
620,tiznit,17,MA,1573431192,53,29.7,-9.73,54.25,1.57
621,hofn,100,IS,1573430748,80,64.25,-15.21,43.02,42.68
622,cherskiy,75,RU,1573431176,54,68.75,161.3,12.04,0.49
623,hobart,100,AU,1573430745,48,-42.88,147.33,68,10.29
624,punta arenas,75,CL,1573431118,66,-53.16,-70.91,53.6,16.11
625,pisco,90,PE,1573431151,88,-13.71,-76.2,64.4,3.36
626,uttarkashi,70,IN,1573431215,32,30.73,78.44,50.99,4.23
627,maumere,86,ID,1573431215,60,-8.63,122.22,82.51,3.29
628,punta arenas,75,CL,1573431118,66,-53.16,-70.91,53.6,16.11
629,isangel,20,VU,1573431065,65,-19.55,169.27,82.4,17.22
630,castro,99,CL,1573430756,72,-42.48,-73.76,59,6.93
631,ahipara,100,NZ,1573430720,100,-35.17,173.16,59,11.16
632,cabo san lucas,75,MX,1573431083,51,22.89,-109.91,82.99,3.36
633,albany,90,US,1573430672,52,42.65,-73.75,44.6,5.82
634,atuona,4,PF,1573430747,68,-9.8,-139.03,79.99,9.98
635,vardo,1,US,1573431218,61,39.62,-77.74,50,5.73
636,hermanus,63,ZA,1573431123,87,-34.42,19.24,66,13
637,albany,90,US,1573430672,52,42.65,-73.75,44.6,5.82
638,cidreira,98,BR,1573431116,85,-30.17,-50.22,69.67,16.64
639,kavieng,93,PG,1573431160,70,-2.57,150.8,81.77,3.24
640,new norfolk,100,AU,1573430757,48,-42.78,147.06,68,10.29
641,rikitea,99,PF,1573430645,81,-23.12,-134.97,74.41,11.34
642,ornskoldsvik,100,SE,1573431219,85,63.29,18.72,23,8.05
643,punta arenas,75,CL,1573431118,66,-53.16,-70.91,53.6,16.11
644,karpathos,97,GR,1573431219,83,35.51,27.21,71.85,12.39
645,port elizabeth,1,US,1573430759,61,39.31,-74.98,52,6.93
646,nouadhibou,10,MR,1573431143,72,20.93,-17.03,68,18.34
647,ushuaia,6,AR,1573430741,38,-54.81,-68.31,60.8,11.41
648,belgrade,75,RS,1573431220,93,44.82,20.46,50,8.05
649,meiktila,0,MM,1573431220,90,20.88,95.86,71.35,4.83
650,port hawkesbury,40,CA,1573431220,79,45.62,-61.36,44.01,8.05
651,ilulissat,100,GL,1573431149,28,69.22,-51.1,42.8,25.28
652,mataura,100,NZ,1573430746,58,-46.19,168.86,54,10
653,manono,100,CD,1573431221,87,-7.3,27.4,71.4,1.72
654,cape town,21,ZA,1573430500,77,-33.93,18.42,66,8.05
655,hilo,40,US,1573430749,55,19.71,-155.08,87.8,8.05
656,puerto escondido,40,MX,1573431221,70,15.86,-97.07,86,0.89
657,punta arenas,75,CL,1573431118,66,-53.16,-70.91,53.6,16.11
658,albany,90,US,1573430672,52,42.65,-73.75,44.6,5.82
659,nikolskoye,75,RU,1573431131,87,59.7,30.79,44.6,2.24
660,tura,100,RU,1573431059,95,64.27,100.22,-16.32,2.57
661,damaturu,99,NG,1573431222,21,11.75,11.96,81.54,5.37
662,rikitea,99,PF,1573430645,81,-23.12,-134.97,74.41,11.34
663,mahebourg,40,MU,1573431050,94,-20.41,57.7,71.01,8.05
664,tiksi,95,RU,1573431053,96,71.64,128.87,-10.74,0.89
665,mataura,100,NZ,1573430746,58,-46.19,168.86,54,10
666,port elizabeth,1,US,1573430759,61,39.31,-74.98,52,6.93
667,osmena,100,PH,1573431222,78,12.17,124.59,81.86,11.5
668,cape town,21,ZA,1573430500,77,-33.93,18.42,66,8.05
669,kundiawa,100,PG,1573431223,87,-6.02,144.97,59.5,1.07
670,thompson,75,CA,1573431042,70,55.74,-97.86,-5.81,3.58
671,hatillo,40,PR,1573431223,88,18.49,-66.83,82,1.54
672,carnarvon,28,ZA,1573431027,55,-30.97,22.13,61.45,9.78
673,airai,10,TL,1573430752,22,-8.93,125.41,84.38,5.95
674,sao filipe,82,CV,1573430751,81,14.9,-24.5,74.62,17.65
675,albany,90,US,1573430672,52,42.65,-73.75,44.6,5.82
676,dikson,41,RU,1573430745,95,73.51,80.55,10.13,8.41
677,tasiilaq,100,GL,1573430755,95,65.61,-37.64,37.4,55.25
678,dese,47,IT,1573431224,87,45.53,12.3,46.99,6.93
679,maceio,20,BR,1573431224,83,-9.67,-35.74,77,9.17
680,sao filipe,82,CV,1573430751,81,14.9,-24.5,74.62,17.65
681,kavaratti,69,IN,1573431136,73,10.57,72.64,80.85,6.58
682,busselton,0,AU,1573430747,45,-33.64,115.35,64,11.34
683,plettenberg bay,70,ZA,1573431200,87,-34.05,23.37,63.93,12.21
684,natal,40,BR,1573431187,83,-5.81,-35.21,78.8,4.7
685,hithadhoo,90,MV,1573430758,71,-0.6,73.08,82.67,7.85
686,busselton,0,AU,1573430747,45,-33.64,115.35,64,11.34
687,san patricio,23,PY,1573431135,73,-26.98,-56.83,74.05,9.6
688,alice springs,56,AU,1573431152,7,-23.7,133.88,82.4,5.82
689,sawakin,11,SD,1573431226,70,19.1,37.33,85.35,7.05
690,atar,31,MR,1573431226,17,20.52,-13.05,73.49,13.42
691,berea,1,US,1573431226,41,37.57,-84.3,60.8,9.17
692,busselton,0,AU,1573430747,45,-33.64,115.35,64,11.34
693,norman wells,5,CA,1573431154,77,65.28,-126.83,6.8,3.62
694,luderitz,0,NA,1573430752,87,-26.65,15.16,60.8,3.36
695,andra,100,RU,1573431218,94,62.52,65.89,7.48,9.31
696,paamiut,100,GL,1573431190,85,61.99,-49.67,37.62,4.18
697,flinders,67,AU,1573431144,37,-34.58,150.85,78.01,8.05
698,mataura,100,NZ,1573430746,58,-46.19,168.86,54,10
699,rikitea,99,PF,1573430645,81,-23.12,-134.97,74.41,11.34
700,hualmay,0,PE,1573431129,83,-11.1,-77.61,62.82,3.29
701,tasiilaq,100,GL,1573430755,95,65.61,-37.64,37.4,55.25
702,townsville,20,AU,1573431228,51,-19.26,146.82,84.2,9.17
703,flinders,67,AU,1573431144,37,-34.58,150.85,78.01,8.05
704,ushuaia,6,AR,1573430741,38,-54.81,-68.31,60.8,11.41
705,cururupu,60,BR,1573431228,95,-1.82,-44.87,72.82,2.17
706,vaini,0,IN,1573430687,80,15.34,74.49,66.13,5.03
707,iracoubo,61,GF,1573431228,84,5.48,-53.21,81.73,15.37
708,albany,90,US,1573430672,52,42.65,-73.75,44.6,5.82
709,krasnaya gora,90,RU,1573431229,93,53.01,31.6,50,11.18
710,omagh,86,GB,1573431229,89,54.6,-7.3,39.6,8.39
711,quelimane,23,MZ,1573431229,92,-17.88,36.89,74.14,3.4
712,albany,90,US,1573430672,52,42.65,-73.75,44.6,5.82
713,hobart,100,AU,1573430745,48,-42.88,147.33,68,10.29
714,pisco,90,PE,1573431151,88,-13.71,-76.2,64.4,3.36
715,namibe,53,AO,1573431133,83,-15.19,12.15,77.59,4.34
716,buraydah,20,SA,1573430862,72,26.33,43.97,68,10.29
717,mar del plata,27,AR,1573430746,78,-46.43,-67.52,51.67,10.92
718,kibaya,100,RW,1573431230,94,-2.2,30.56,60.51,0.76
719,flinders,67,AU,1573431144,37,-34.58,150.85,78.01,8.05
720,souillac,30,FR,1573431131,93,45.6,-0.6,41,5.82
721,bluff,48,AU,1573430754,14,-23.58,149.07,84.58,9.82
722,nelson bay,20,AU,1573430756,49,-32.72,152.14,77,8.05
723,avarua,0,CK,1573430750,78,-21.21,-159.78,75.2,10.29
724,provideniya,90,RU,1573431162,98,64.42,-173.23,37.4,20.13
725,busselton,0,AU,1573430747,45,-33.64,115.35,64,11.34
726,puerto ayora,40,EC,1573431019,69,-0.74,-90.35,75.2,4.7
727,lebu,37,ET,1573430744,75,8.96,38.73,50.61,1.61
728,upernavik,95,GL,1573430746,63,72.79,-56.15,26.37,10.58
729,kloulklubed,75,PW,1573431131,79,7.04,134.26,84.2,9.17
730,ojinaga,1,US,1573431232,57,29.56,-104.41,75.2,2.77
731,nieuw amsterdam,20,SR,1573431232,74,5.88,-55.08,84.2,4.7
732,manta,37,RO,1573431232,85,45.1,24.1,48.49,1.68
733,barrow,69,AR,1573430646,83,-38.31,-60.23,54.5,14.34
734,butaritari,98,KI,1573430756,71,3.07,172.79,83.91,6.6
735,khatanga,100,RU,1573430747,97,71.98,102.47,-2.3,8.99
736,talnakh,75,RU,1573430755,76,69.49,88.39,-11.21,6.71
737,kapaa,90,US,1573431021,94,22.08,-159.32,80.6,10.29
738,thompson,75,CA,1573431042,70,55.74,-97.86,-5.81,3.58
739,lima,18,PE,1573431009,72,-12.06,-77.04,68,12.75
740,mayor pablo lagerenza,100,PY,1573431233,73,-19.93,-60.77,76.12,1.81
741,laguna,75,BZ,1573431143,70,16.17,-88.94,84.2,4.7
742,aykhal,75,RU,1573431234,74,65.95,111.51,-22.01,4.47
743,ushuaia,6,AR,1573430741,38,-54.81,-68.31,60.8,11.41
744,haimen,0,CN,1573431234,43,31.87,121.18,61,3.04
745,fortuna,1,US,1573431146,82,40.6,-124.16,63,10.29
746,bredasdorp,100,ZA,1573430745,82,-34.53,20.04,66,18.34
747,victoria,75,BN,1573430640,88,5.28,115.24,80.6,6.04
748,rikitea,99,PF,1573430645,81,-23.12,-134.97,74.41,11.34
749,beringovskiy,100,RU,1573431235,98,63.05,179.32,34.27,16.51
750,port alfred,100,ZA,1573431118,96,-33.59,26.89,63,4
751,chokurdakh,94,RU,1573430750,96,70.62,147.9,2.52,8.66
752,touros,20,BR,1573431040,78,-5.2,-35.46,78.8,6.93
753,punta arenas,75,CL,1573431118,66,-53.16,-70.91,53.6,16.11
754,tuktoyaktuk,5,CA,1573430748,66,69.44,-133.03,14,16.11
755,hervey bay,0,AU,1573431124,28,-25.3,152.85,88,10.29
756,mataura,100,NZ,1573430746,58,-46.19,168.86,54,10
757,kodiak,1,US,1573430748,57,39.95,-94.76,51.8,12.75
758,punta arenas,75,CL,1573431118,66,-53.16,-70.91,53.6,16.11
759,kapaa,90,US,1573431021,94,22.08,-159.32,80.6,10.29
760,houma,0,CN,1573431237,34,35.63,111.36,48.07,1.7
761,severo-kurilsk,85,RU,1573431124,84,50.68,156.12,30.76,19.55
762,mitsamiouli,96,KM,1573431185,78,-11.38,43.28,79.25,5.64
763,hasaki,75,JP,1573431224,93,35.73,140.83,60.8,6.93
764,mataura,100,NZ,1573430746,58,-46.19,168.86,54,10
765,slave lake,71,CA,1573431087,85,55.28,-114.77,7.61,4.43
766,punta arenas,75,CL,1573431118,66,-53.16,-70.91,53.6,16.11
767,saint george,0,GR,1573431121,87,39.45,22.34,48.2,4.29
768,labuhan,0,ID,1573431238,69,-2.54,115.51,82.27,0.85
769,vaini,0,IN,1573430687,80,15.34,74.49,66.13,5.03
770,rikitea,99,PF,1573430645,81,-23.12,-134.97,74.41,11.34
771,mayo,5,CA,1573431238,69,63.59,-135.9,-9.41,2.55
772,jamestown,0,AU,1573430644,13,-33.21,138.6,78.49,18.3
773,ushuaia,6,AR,1573430741,38,-54.81,-68.31,60.8,11.41
774,bredasdorp,100,ZA,1573430745,82,-34.53,20.04,66,18.34
775,chatra,40,IN,1573431239,88,24.21,84.87,66.2,3.83
776,yellowknife,40,CA,1573431120,72,62.45,-114.38,10.4,4.7
777,barrow,69,AR,1573430646,83,-38.31,-60.23,54.5,14.34
778,khatanga,100,RU,1573430747,97,71.98,102.47,-2.3,8.99
779,mayumba,100,GA,1573431172,84,-3.44,10.65,81.03,14.65
780,port elizabeth,1,US,1573430759,61,39.31,-74.98,52,6.93
781,iqaluit,40,CA,1573431173,77,63.75,-68.52,3.2,5.82
782,qaanaaq,0,GL,1573431019,37,77.48,-69.36,-0.73,5.32
783,te anau,86,NZ,1573431131,84,-45.41,167.72,42.75,3.4
784,hithadhoo,90,MV,1573430758,71,-0.6,73.08,82.67,7.85
785,jhabua,20,IN,1573431240,64,22.77,74.59,70.38,6.42
786,clyde river,100,CA,1573431151,92,70.47,-68.59,14,33.33
787,hobart,100,AU,1573430745,48,-42.88,147.33,68,10.29
788,hobart,100,AU,1573430745,48,-42.88,147.33,68,10.29
789,manakara,95,MG,1573431241,93,-22.14,48.01,72.43,3.38
790,jamestown,0,AU,1573430644,13,-33.21,138.6,78.49,18.3
791,atuona,4,PF,1573430747,68,-9.8,-139.03,79.99,9.98
792,ponta do sol,94,BR,1573430754,83,-20.63,-46,70.9,4.76
793,hermanus,63,ZA,1573431123,87,-34.42,19.24,66,13
794,rikitea,99,PF,1573430645,81,-23.12,-134.97,74.41,11.34
795,jamestown,0,AU,1573430644,13,-33.21,138.6,78.49,18.3
796,kaitangata,100,NZ,1573431118,55,-46.28,169.85,51.01,15.99
797,busselton,0,AU,1573430747,45,-33.64,115.35,64,11.34
798,rawson,50,AR,1573430975,75,-43.3,-65.11,52.99,15.35
799,kerrville,90,US,1573431243,82,30.05,-99.14,64.99,8.05
800,pemba,35,MZ,1573431243,79,-12.97,40.52,79.47,1.81
801,bredasdorp,100,ZA,1573430745,82,-34.53,20.04,66,18.34
802,souillac,30,FR,1573431131,93,45.6,-0.6,41,5.82
803,barrow,69,AR,1573430646,83,-38.31,-60.23,54.5,14.34
804,kamaishi,75,JP,1573431243,80,39.28,141.86,41,2.24
805,georgetown,20,GY,1573431116,100,6.8,-58.16,82.4,2.24
806,atuona,4,PF,1573430747,68,-9.8,-139.03,79.99,9.98
807,mataura,100,NZ,1573430746,58,-46.19,168.86,54,10
808,akhalgori,0,GE,1573431244,75,42.13,44.48,42.8,2.24
809,punta alta,24,AR,1573431244,69,-27.46,-55.82,78.8,5.82
810,srednekolymsk,76,RU,1573431166,95,67.46,153.71,-3.88,5.59
811,caravelas,79,BR,1573430751,92,-17.73,-39.27,72.59,8.01
812,kapaa,90,US,1573431021,94,22.08,-159.32,80.6,10.29
813,brae,83,GB,1573431134,65,60.4,-1.35,39.2,9.17
814,lompoc,90,US,1573431151,87,34.64,-120.46,73,11.74
815,avarua,0,CK,1573430750,78,-21.21,-159.78,75.2,10.29
816,kapaa,90,US,1573431021,94,22.08,-159.32,80.6,10.29
817,ushuaia,6,AR,1573430741,38,-54.81,-68.31,60.8,11.41
818,dondo,7,MZ,1573431245,96,-19.62,34.74,69.73,0.65
819,vaini,0,IN,1573430687,80,15.34,74.49,66.13,5.03
820,ketchikan,90,US,1573431047,87,55.34,-131.65,46.4,6.93
821,jamestown,0,AU,1573430644,13,-33.21,138.6,78.49,18.3
822,jamestown,0,AU,1573430644,13,-33.21,138.6,78.49,18.3
823,coos bay,1,US,1573431128,87,43.37,-124.22,63,9.17
824,avarua,0,CK,1573430750,78,-21.21,-159.78,75.2,10.29
825,mataura,100,NZ,1573430746,58,-46.19,168.86,54,10
826,apatity,21,RU,1573431246,89,67.57,33.4,11.03,3.38
827,bathsheba,20,BB,1573431148,78,13.22,-59.52,82.4,17.22
828,hasaki,75,JP,1573431224,93,35.73,140.83,60.8,6.93
829,gat,98,SN,1573431174,83,14.69,-16.54,73.4,14.99
830,port alfred,100,ZA,1573431118,96,-33.59,26.89,63,4
831,horasan,0,TR,1573431247,40,40.04,42.16,32.29,0.72
832,atuona,4,PF,1573430747,68,-9.8,-139.03,79.99,9.98
833,ushuaia,6,AR,1573430741,38,-54.81,-68.31,60.8,11.41
834,kloulklubed,75,PW,1573431131,79,7.04,134.26,84.2,9.17
835,vaini,0,IN,1573430687,80,15.34,74.49,66.13,5.03
836,ekuvukeni,58,ZA,1573431247,89,-28.47,30.16,63.03,1.81
837,jamestown,0,AU,1573430644,13,-33.21,138.6,78.49,18.3
838,saint-philippe,90,CA,1573431133,80,45.36,-73.48,43,12.75
839,avarua,0,CK,1573430750,78,-21.21,-159.78,75.2,10.29
840,longyearbyen,40,NO,1573431174,72,78.22,15.63,14,11.41
841,rikitea,99,PF,1573430645,81,-23.12,-134.97,74.41,11.34
842,yellowknife,40,CA,1573431120,72,62.45,-114.38,10.4,4.7
843,kruisfontein,92,ZA,1573431156,85,-34,24.73,63.07,17.36
844,bredasdorp,100,ZA,1573430745,82,-34.53,20.04,66,18.34
845,katobu,49,ID,1573431249,58,-4.94,122.53,85.78,5.35
846,sao felix do xingu,100,BR,1573431196,93,-6.64,-51.99,74.61,2.59
847,hobart,100,AU,1573430745,48,-42.88,147.33,68,10.29
848,jawhar,0,IN,1573431249,80,19.91,73.23,72.21,2.91
849,mataura,100,NZ,1573430746,58,-46.19,168.86,54,10
850,emporia,1,US,1573431249,58,38.4,-96.18,57.2,12.75
851,hobart,100,AU,1573430745,48,-42.88,147.33,68,10.29
852,hermanus,63,ZA,1573431123,87,-34.42,19.24,66,13
853,segezha,100,RU,1573431250,97,63.74,34.31,36.9,9.17
854,socorro,75,US,1573431250,38,31.65,-106.3,77,6.93
855,castro,99,CL,1573430756,72,-42.48,-73.76,59,6.93
856,hambantota,90,LK,1573431120,77,6.12,81.12,79.41,6.51
857,avarua,0,CK,1573430750,78,-21.21,-159.78,75.2,10.29
858,narrabri,0,AU,1573431251,20,-30.33,149.78,77,9.17
859,lavrentiya,100,RU,1573430689,89,65.58,-170.99,34.63,12.64
860,san patricio,23,PY,1573431135,73,-26.98,-56.83,74.05,9.6
861,san andres,99,PH,1573431251,84,13.32,122.68,78.62,6.38
862,andijon,0,UZ,1573431252,59,40.76,72.37,37.4,4.47
863,rio claro,42,BR,1573431252,100,-22.41,-47.56,78.01,2.39
864,souillac,30,FR,1573431131,93,45.6,-0.6,41,5.82
865,chokurdakh,94,RU,1573430750,96,70.62,147.9,2.52,8.66
866,marzuq,0,YE,1573431035,69,14.4,46.47,63.97,2.17
867,atuona,4,PF,1573430747,68,-9.8,-139.03,79.99,9.98
868,chokurdakh,94,RU,1573430750,96,70.62,147.9,2.52,8.66
869,kabinda,60,CD,1573431252,87,-6.14,24.49,68.58,2.44
870,nantucket,40,US,1573431253,62,41.28,-70.1,52,10.29
871,aleksandrovskiy zavod,0,RU,1573431253,59,50.92,117.94,11.01,12.24
872,albany,90,US,1573430672,52,42.65,-73.75,44.6,5.82
873,mahebourg,40,MU,1573431050,94,-20.41,57.7,71.01,8.05
874,kapaa,90,US,1573431021,94,22.08,-159.32,80.6,10.29
875,pisco,90,PE,1573431151,88,-13.71,-76.2,64.4,3.36
876,hami,16,CN,1573431253,41,42.84,93.51,35.35,1.79
877,ushuaia,6,AR,1573430741,38,-54.81,-68.31,60.8,11.41
878,ushuaia,6,AR,1573430741,38,-54.81,-68.31,60.8,11.41
879,avarua,0,CK,1573430750,78,-21.21,-159.78,75.2,10.29
880,ushuaia,6,AR,1573430741,38,-54.81,-68.31,60.8,11.41
881,mataura,100,NZ,1573430746,58,-46.19,168.86,54,10
882,new norfolk,100,AU,1573430757,48,-42.78,147.06,68,10.29
883,mapua,100,NZ,1573431254,90,-41.25,173.1,60.01,4.36
884,antofagasta,75,CL,1573431187,77,-23.65,-70.4,60.8,2.24
885,zyryanka,99,RU,1573431157,96,65.73,150.89,-1.72,3.6
886,iturama,87,BR,1573431255,75,-19.73,-50.2,75.76,5.5
887,sechura,54,PE,1573431255,85,-5.56,-80.82,65.55,11.16
888,kodiak,1,US,1573430748,57,39.95,-94.76,51.8,12.75
889,mataura,100,NZ,1573430746,58,-46.19,168.86,54,10
890,saint anthony,90,US,1573431208,42,43.97,-111.68,51.8,2.73
891,kattivakkam,40,IN,1573431255,88,13.22,80.32,77,2.24
892,katsuura,40,JP,1573431138,76,33.93,134.5,64.99,6.93
893,praia,40,BR,1573431153,51,-20.25,-43.81,82.4,5.82
894,atuona,4,PF,1573430747,68,-9.8,-139.03,79.99,9.98
895,khatanga,100,RU,1573430747,97,71.98,102.47,-2.3,8.99
896,georgetown,20,GY,1573431116,100,6.8,-58.16,82.4,2.24
897,qaanaaq,0,GL,1573431019,37,77.48,-69.36,-0.73,5.32
898,punta arenas,75,CL,1573431118,66,-53.16,-70.91,53.6,16.11
899,vaini,0,IN,1573430687,80,15.34,74.49,66.13,5.03
900,hilo,40,US,1573430749,55,19.71,-155.08,87.8,8.05
901,rikitea,99,PF,1573430645,81,-23.12,-134.97,74.41,11.34
902,jamestown,0,AU,1573430644,13,-33.21,138.6,78.49,18.3
903,udachnyy,75,RU,1573431257,74,66.42,112.4,-22.01,4.47
904,avarua,0,CK,1573430750,78,-21.21,-159.78,75.2,10.29
905,vaini,0,IN,1573430687,80,15.34,74.49,66.13,5.03
906,busselton,0,AU,1573430747,45,-33.64,115.35,64,11.34
907,mataura,100,NZ,1573430746,58,-46.19,168.86,54,10
908,bluff,48,AU,1573430754,14,-23.58,149.07,84.58,9.82
909,atasu,38,KZ,1573431258,61,48.68,71.64,17.69,5.75
910,esperance,75,AU,1573431122,62,-33.86,121.89,57.2,13.87
911,mataura,100,NZ,1573430746,58,-46.19,168.86,54,10
912,pevek,95,RU,1573430726,75,69.7,170.27,11.52,1.52
913,narsaq,100,GL,1573431199,80,60.91,-46.05,33.8,32.21
914,baiyin,67,CN,1573431259,79,36.55,104.13,23,4.47
915,qaanaaq,0,GL,1573431019,37,77.48,-69.36,-0.73,5.32
916,port alfred,100,ZA,1573431118,96,-33.59,26.89,63,4
917,apan,40,MX,1573431259,59,19.71,-98.45,66.2,6.93
918,bredasdorp,100,ZA,1573430745,82,-34.53,20.04,66,18.34
919,makat,0,KZ,1573431260,88,47.65,53.35,39.15,14.38
920,yulara,42,AU,1573431260,7,-25.24,130.99,84.2,8.05
921,busselton,0,AU,1573430747,45,-33.64,115.35,64,11.34
922,calderitas,40,MX,1573431260,83,18.55,-88.26,80.6,4.85
923,ushuaia,6,AR,1573430741,38,-54.81,-68.31,60.8,11.41
924,jamestown,0,AU,1573430644,13,-33.21,138.6,78.49,18.3
925,nobeoka,0,JP,1573431261,64,32.66,131.66,62.76,6.24
926,port hardy,75,CA,1573430730,93,50.7,-127.42,50,4.7
927,punta arenas,75,CL,1573431118,66,-53.16,-70.91,53.6,16.11
928,northam,0,AU,1573431261,59,-31.65,116.67,64.4,10.29
929,lebu,37,ET,1573430744,75,8.96,38.73,50.61,1.61
930,khatanga,100,RU,1573430747,97,71.98,102.47,-2.3,8.99
931,la baule-escoublac,90,FR,1573431261,100,47.28,-2.4,46,5.82
932,mataura,100,NZ,1573430746,58,-46.19,168.86,54,10
933,sitka,100,US,1573431142,44,37.17,-99.65,57,9.37
934,cape town,21,ZA,1573430500,77,-33.93,18.42,66,8.05
935,cherskiy,75,RU,1573431176,54,68.75,161.3,12.04,0.49
936,cabedelo,20,BR,1573431175,83,-6.97,-34.84,77,8.05
937,hermanus,63,ZA,1573431123,87,-34.42,19.24,66,13
938,cockburn town,95,TC,1573431169,75,21.46,-71.14,82.74,13.15
939,boguchany,70,RU,1573431262,95,58.38,97.46,-7.5,3.58
940,kavieng,93,PG,1573431160,70,-2.57,150.8,81.77,3.24
941,puerto leguizamo,70,CO,1573431263,94,-0.19,-74.78,75.13,1.92
942,riyadh,75,SA,1573431263,60,24.63,46.72,71.6,5.82
943,rio gallegos,40,AR,1573431115,58,-51.62,-69.22,55.4,6.93
944,alice springs,56,AU,1573431152,7,-23.7,133.88,82.4,5.82
945,alice,98,ZA,1573431263,79,-32.79,26.83,62.46,12.39
946,road town,40,VG,1573431264,78,18.42,-64.62,82.4,9.17
947,provideniya,90,RU,1573431162,98,64.42,-173.23,37.4,20.13
948,busselton,0,AU,1573430747,45,-33.64,115.35,64,11.34
949,impfondo,96,CD,1573431264,98,1.62,18.06,72.73,2.73
950,saskylakh,100,RU,1573430746,95,71.97,114.09,-9.12,1.99
951,ilulissat,100,GL,1573431149,28,69.22,-51.1,42.8,25.28
952,qaanaaq,0,GL,1573431019,37,77.48,-69.36,-0.73,5.32
953,teguise,40,ES,1573431265,72,29.06,-13.56,68,19.46
954,puerto ayora,40,EC,1573431019,69,-0.74,-90.35,75.2,4.7
955,namibe,53,AO,1573431133,83,-15.19,12.15,77.59,4.34
956,butaritari,98,KI,1573430756,71,3.07,172.79,83.91,6.6
957,oistins,20,BB,1573431164,78,13.07,-59.53,82.4,17.22
958,yining,1,CN,1573431195,53,29.04,114.56,53.91,0.65
959,longyearbyen,40,NO,1573431174,72,78.22,15.63,14,11.41
960,beringovskiy,100,RU,1573431235,98,63.05,179.32,34.27,16.51
961,barrow,69,AR,1573430646,83,-38.31,-60.23,54.5,14.34
962,qandala,0,SO,1573431266,73,11.47,49.87,76.3,5.84
963,rikitea,99,PF,1573430645,81,-23.12,-134.97,74.41,11.34
964,castro,99,CL,1573430756,72,-42.48,-73.76,59,6.93
965,coihaique,20,CL,1573431196,67,-45.58,-72.07,59,3.36
966,rikitea,99,PF,1573430645,81,-23.12,-134.97,74.41,11.34
967,lukovetskiy,90,RU,1573431267,100,64.29,41.92,28.4,6.71
968,san patricio,23,PY,1573431135,73,-26.98,-56.83,74.05,9.6
969,manvi,14,IN,1573431267,80,16,77.05,70.07,4.61
970,irbeyskoye,98,RU,1573431267,71,55.64,95.45,8.08,6.64
971,rikitea,99,PF,1573430645,81,-23.12,-134.97,74.41,11.34
972,atuona,4,PF,1573430747,68,-9.8,-139.03,79.99,9.98
973,souillac,30,FR,1573431131,93,45.6,-0.6,41,5.82
974,pisco,90,PE,1573431151,88,-13.71,-76.2,64.4,3.36
975,san jose,100,HN,1573431268,86,14.25,-87.96,65.88,6.29
976,new norfolk,100,AU,1573430757,48,-42.78,147.06,68,10.29
977,punta arenas,75,CL,1573431118,66,-53.16,-70.91,53.6,16.11
978,new norfolk,100,AU,1573430757,48,-42.78,147.06,68,10.29
979,pangai,75,TO,1573431269,69,-19.8,-174.35,82.4,10.29
980,faanui,92,PF,1573431092,77,-16.48,-151.75,80.06,11.14
981,butaritari,98,KI,1573430756,71,3.07,172.79,83.91,6.6
982,ushuaia,6,AR,1573430741,38,-54.81,-68.31,60.8,11.41
983,albany,90,US,1573430672,52,42.65,-73.75,44.6,5.82
984,aquiraz,90,BR,1573431175,74,-3.9,-38.39,86,10.29
985,sabang,99,PH,1573431167,88,13.8,121.11,79,1.99
986,lubango,98,AO,1573431270,92,-14.92,13.49,59.74,4.32
987,carutapera,42,BR,1573431270,78,-1.2,-46.02,81.81,14.76
988,upernavik,95,GL,1573430746,63,72.79,-56.15,26.37,10.58
989,port alfred,100,ZA,1573431118,96,-33.59,26.89,63,4
990,sorland,0,NO,1573431137,55,67.67,12.69,33.85,17.07
991,ushuaia,6,AR,1573430741,38,-54.81,-68.31,60.8,11.41
992,cape town,21,ZA,1573430500,77,-33.93,18.42,66,8.05
993,hermanus,63,ZA,1573431123,87,-34.42,19.24,66,13
994,lompoc,90,US,1573431151,87,34.64,-120.46,73,11.74
995,arraial do cabo,75,BR,1573431024,88,-22.97,-42.02,77,5.82
996,pingliang,27,CN,1573431271,66,35.54,106.68,36.27,0.63
997,ushuaia,6,AR,1573430741,38,-54.81,-68.31,60.8,11.41
998,grindavik,90,IS,1573431182,75,63.84,-22.43,44.6,46.08
999,tonneins,24,FR,1573431272,93,44.39,0.31,42.01,2.24
